Workbook

Sheet Souhrnný AKCE_TABORY
A1: V y ú č t o v á n í
A2: smlouvy č. DAG/61/03/001435/2009 o poskytnutí finančních prostředků Příloha k vyúčtování akcí a táborů
E9: =IF(F9<>"",E10,"") -> 0 | F9: =IF(SUM(G15:G41)<>0,SUM(G15:G41),"") -> 1000 | G9: =IF(LEN(F9)=0,"",(MAX(E9-F9,0))) -> 0
A11: Název pořadatele (skupiny): | E11: Šán
A12: Účel daru:
B14: Poř. č. akce | C14: Datum začátek | D14: Datum konec | E14: Název | G14: Čerpaná Částka
B15: 1. | C15: 40193 | D15: 40195 | E15: Prastaré legendy promlouvají | G15: 1000
B16: 2.
B17: 3.
B18: 4.
B19: 5.
B20: 6.
B21: 7.
B22: 8.
B23: 9.
B24: 10.
B25: 11.
B26: 12.
B27: 13.
... B41: 27.
G42: =COUNT(G15:G41,0)-1 -> 1
B43: =IF($E$10<>"","Datum: "&IF(ISNUMBER(VALUE(TEXT(TODAY(),"rrrr"))),TEXT(TODAY(),"dd.mm.rrrr"),TEXT(TODAY(),"dd.mm.yyyy")),"Datum: ........................................") -> Datum: ........................................ | F43: .........................................................
F44: Podpis hospodáře skupiny a razítko
G45: ="V1©16/9/2009 Hop" -> V1©16/9/2009 Hop

Sheet Formulář  AKCE
A1: V y ú č t o v á n í
B2: smlouvy č. DAG/61/03/001435/2009 o poskytnutí finančních prostředků Příloha k vyúčtování akcí a táborů
B7: Skupina - realizátor | D7: Termín akce | G7: Místo konání akce
B8: =IF(ISBLANK(Seznam_do_35_účastníků!C2),IF(ISBLANK(Seznam_do_70_účastníků!C2)," ",Seznam_do_70_účastníků!C2),Seznam_do_35_účastníků!C2) -> Šán | D8: =IF(AND(ISNUMBER('Seznam účastníků'!B5),ISNUMBER('Seznam účastníků'!B6)),IF(ISNUMBER(VALUE(TEXT(TODAY(),"rrrr"))),TEXT('Seznam účastníků'!B5,"dd.mm.rrrr")&" - "&TEXT('Seznam účastníků'!B6,"dd.mm.rrrr"),TEXT('Seznam účastníků'!B5,"dd.mm.yyyy")&" - "&TEXT('Seznam účastníků'!B6,"dd.mm.yyyy"))," ") | G8: =IF(ISBLANK(Seznam_do_35_účastníků!C6),IF(ISBLANK(Seznam_do_70_účastníků!C6)," ",Seznam_do_70_účastníků!C6),Seznam_do_35_účastníků!C6) -> 0
B10: Počet pražských úč. do 26 let: | D10: =IF(Seznam_do_35_účastníků!D48+Seznam_do_70_účastníků!D83=0," ",MAX(Seznam_do_35_účastníků!D48,Seznam_do_70_účastníků!D83)) | G10: Počet účastníků celkem: | J10: =IF(Seznam_do_35_účastníků!D47+Seznam_do_70_účastníků!D82=0," ",MAX(Seznam_do_35_účastníků!D47,Seznam_do_70_účastníků!D82))
A12: U akcí delších jak 4 dny - Přehled podán u MHMP ( ANO / NE ) – nehodící se škrtněte
J13: =COUNT(I15:J39) -> 2
B14: P.č. dokladu ve sk. Úč. Evid. | C14: Dat. plat. | E14: Popis zboží (služby) | I14: Částka (Kč)
B15: 111/2010 | C15: 40179 | E15: doprava | I15: 100
E16: ostatní výdaje | I16: 3042
B40: Celkem | F40: =IF(AND(ISNUMBER('Seznam účastníků'!B5),ISNUMBER('Seznam účastníků'!B6)),('Seznam účastníků'!B6-'Seznam účastníků'!B5+1),0) -> 0 | G40: =IF(F7<>"T",100*D10*F40,50*D10*F40) -> #VALUE! | I40: =SUM(I15:J39) -> 3142
B41: Z toho čerpáno z dotace | E41: =IF(AND(I42*D10+I41>I40,I41>0,F7<>"T"),"Akce Nesmí být zisková","") -> #VALUE! | G41: =IF(I41>G40,"Prekrocili jste limit "&G40&"kc","") -> #VALUE! | I41: 100
B42: Výše poplatku pro účastníka: | I42: 160
E43: =IF(AND(I42*D10+I41>I40,I41>0,F7<>"T")," Pokud je to TABOR a prikladate Rozpocet akce, napiste T do bunky F7","") -> #VALUE!
B45: =IF($B$15<>"","Datum: "&IF(ISNUMBER(VALUE(TEXT(TODAY(),"rrrr"))),TEXT(TODAY(),"dd.mm.rrrr"),TEXT(TODAY(),"dd.mm.yyyy")),"Datum: ........................................") -> Datum: 01.09.2026 | F45: .........................................................
F46: Podpis hospodáře skupiny a razítko
J47: V1©16/9/2009 Ho

Sheet Seznam_do_35_účastníků
A1: Seznam účastníků akce
A2: Pořádající skupina: | C2: Šán
A3: Adresa skupiny: | C3: Podolské nábř. 5, 147 00 Praha 4
A4: Název akce: | C4: ='Seznam účastníků'!A2 -> Neočekávaný dýchánek
A5: Datum akce: | C5: ='Seznam účastníků'!B5 -> 0 | D5: ='Seznam účastníků'!B6 -> 0
A6: Místo konání akce: | C6: ='Seznam účastníků'!B4 -> 0
A8: č. | B8: Jméno | C8: Příjmení | D8: Datum naroz. | E8: Ulice | F8: Město | G8: Do 26 | H8: Nad 26 | I8: Praha do 26 | J8: Do 18 | K8: Praha do 18
A9: 1. | B9: =IF('Seznam účastníků'!A19="","",'Seznam účastníků'!A19) | C9: =IF('Seznam účastníků'!B19="","",'Seznam účastníků'!B19) | D9: =IF('Seznam účastníků'!C19="","",'Seznam účastníků'!C19) | E9: =IF('Seznam účastníků'!D19="","",'Seznam účastníků'!D19) | F9: =IF('Seznam účastníků'!E19="","",'Seznam účastníků'!E19) | G9: =IF(ISNUMBER(D9),IF(DATE(YEAR($C$5)-26,MONTH($C$5),DAY($C$5))<$D9,1,0),0) -> 0 | H9: =IF(ISNUMBER(D9),IF(DATE(YEAR($C$5)-26,MONTH($C$5),DAY($C$5))>=$D9,1,0),0) -> 0 | I9: =IF(ISERR(FIND("praha",LOWER(F9))),0,1)*G9 -> 0 | J9: =IF(ISNUMBER(D9),IF(DATE(YEAR($C$5)-18,MONTH($C$5),DAY($C$5))<$D9,1,0),0) -> 0 | K9: =IF(ISERR(FIND("praha",LOWER(F9))),0,1)*J9 -> 0
A10: 2. | B10: =IF('Seznam účastníků'!A20="","",'Seznam účastníků'!A20) | C10: =IF('Seznam účastníků'!B20="","",'Seznam účastníků'!B20) | D10: =IF('Seznam účastníků'!C20="","",'Seznam účastníků'!C20) | E10: =IF('Seznam účastníků'!D20="","",'Seznam účastníků'!D20) | F10: =IF('Seznam účastníků'!E20="","",'Seznam účastníků'!E20) | G10: =IF(ISNUMBER(D10),IF(DATE(YEAR($C$5)-26,MONTH($C$5),DAY($C$5))<$D10,1,0),0) -> 0 | H10: =IF(ISNUMBER(D10),IF(DATE(YEAR($C$5)-26,MONTH($C$5),DAY($C$5))>=$D10,1,0),0) -> 0 | I10: =IF(ISERR(FIND("praha",LOWER(F10))),0,1)*G10 -> 0 | J10: =IF(ISNUMBER(D10),IF(DATE(YEAR($C$5)-18,MONTH($C$5),DAY($C$5))<$D10,1,0),0) -> 0 | K10: =IF(ISERR(FIND("praha",LOWER(F10))),0,1)*J10 -> 0
A11: 3. | B11: =IF('Seznam účastníků'!A21="","",'Seznam účastníků'!A21) | C11: =IF('Seznam účastníků'!B21="","",'Seznam účastníků'!B21) | D11: =IF('Seznam účastníků'!C21="","",'Seznam účastníků'!C21) | E11: =IF('Seznam účastníků'!D21="","",'Seznam účastníků'!D21) | F11: =IF('Seznam účastníků'!E21="","",'Seznam účastníků'!E21) | G11: =IF(ISNUMBER(D11),IF(DATE(YEAR($C$5)-26,MONTH($C$5),DAY($C$5))<$D11,1,0),0) -> 0 | H11: =IF(ISNUMBER(D11),IF(DATE(YEAR($C$5)-26,MONTH($C$5),DAY($C$5))>=$D11,1,0),0) -> 0 | I11: =IF(ISERR(FIND("praha",LOWER(F11))),0,1)*G11 -> 0 | J11: =IF(ISNUMBER(D11),IF(DATE(YEAR($C$5)-18,MONTH($C$5),DAY($C$5))<$D11,1,0),0) -> 0 | K11: =IF(ISERR(FIND("praha",LOWER(F11))),0,1)*J11 -> 0
A12: 4. | B12: =IF('Seznam účastníků'!A22="","",'Seznam účastníků'!A22) | C12: =IF('Seznam účastníků'!B22="","",'Seznam účastníků'!B22) | D12: =IF('Seznam účastníků'!C22="","",'Seznam účastníků'!C22) | E12: =IF('Seznam účastníků'!D22="","",'Seznam účastníků'!D22) | F12: =IF('Seznam účastníků'!E22="","",'Seznam účastníků'!E22) | G12: =IF(ISNUMBER(D12),IF(DATE(YEAR($C$5)-26,MONTH($C$5),DAY($C$5))<$D12,1,0),0) -> 0 | H12: =IF(ISNUMBER(D12),IF(DATE(YEAR($C$5)-26,MONTH($C$5),DAY($C$5))>=$D12,1,0),0) -> 0 | I12: =IF(ISERR(FIND("praha",LOWER(F12))),0,1)*G12 -> 0 | J12: =IF(ISNUMBER(D12),IF(DATE(YEAR($C$5)-18,MONTH($C$5),DAY($C$5))<$D12,1,0),0) -> 0 | K12: =IF(ISERR(FIND("praha",LOWER(F12))),0,1)*J12 -> 0
A13: 5. | B13: =IF('Seznam účastníků'!A23="","",'Seznam účastníků'!A23) | C13: =IF('Seznam účastníků'!B23="","",'Seznam účastníků'!B23) | D13: =IF('Seznam účastníků'!C23="","",'Seznam účastníků'!C23) | E13: =IF('Seznam účastníků'!D23="","",'Seznam účastníků'!D23) | F13: =IF('Seznam účastníků'!E23="","",'Seznam účastníků'!E23) | G13: =IF(ISNUMBER(D13),IF(DATE(YEAR($C$5)-26,MONTH($C$5),DAY($C$5))<$D13,1,0),0) -> 0 | H13: =IF(ISNUMBER(D13),IF(DATE(YEAR($C$5)-26,MONTH($C$5),DAY($C$5))>=$D13,1,0),0) -> 0 | I13: =IF(ISERR(FIND("praha",LOWER(F13))),0,1)*G13 -> 0 | J13: =IF(ISNUMBER(D13),IF(DATE(YEAR($C$5)-18,MONTH($C$5),DAY($C$5))<$D13,1,0),0) -> 0 | K13: =IF(ISERR(FIND("praha",LOWER(F13))),0,1)*J13 -> 0
A14: 6. | B14: =IF('Seznam účastníků'!A24="","",'Seznam účastníků'!A24) | C14: =IF('Seznam účastníků'!B24="","",'Seznam účastníků'!B24) | D14: =IF('Seznam účastníků'!C24="","",'Seznam účastníků'!C24) | E14: =IF('Seznam účastníků'!D24="","",'Seznam účastníků'!D24) | F14: =IF('Seznam účastníků'!E24="","",'Seznam účastníků'!E24) | G14: =IF(ISNUMBER(D14),IF(DATE(YEAR($C$5)-26,MONTH($C$5),DAY($C$5))<$D14,1,0),0) -> 0 | H14: =IF(ISNUMBER(D14),IF(DATE(YEAR($C$5)-26,MONTH($C$5),DAY($C$5))>=$D14,1,0),0) -> 0 | I14: =IF(ISERR(FIND("praha",LOWER(F14))),0,1)*G14 -> 0 | J14: =IF(ISNUMBER(D14),IF(DATE(YEAR($C$5)-18,MONTH($C$5),DAY($C$5))<$D14,1,0),0) -> 0 | K14: =IF(ISERR(FIND("praha",LOWER(F14))),0,1)*J14 -> 0
A15: 7. | B15: =IF('Seznam účastníků'!A25="","",'Seznam účastníků'!A25) | C15: =IF('Seznam účastníků'!B25="","",'Seznam účastníků'!B25) | D15: =IF('Seznam účastníků'!C25="","",'Seznam účastníků'!C25) | E15: =IF('Seznam účastníků'!D25="","",'Seznam účastníků'!D25) | F15: =IF('Seznam účastníků'!E25="","",'Seznam účastníků'!E25) | G15: =IF(ISNUMBER(D15),IF(DATE(YEAR($C$5)-26,MONTH($C$5),DAY($C$5))<$D15,1,0),0) -> 0 | H15: =IF(ISNUMBER(D15),IF(DATE(YEAR($C$5)-26,MONTH($C$5),DAY($C$5))>=$D15,1,0),0) -> 0 | I15: =IF(ISERR(FIND("praha",LOWER(F15))),0,1)*G15 -> 0 | J15: =IF(ISNUMBER(D15),IF(DATE(YEAR($C$5)-18,MONTH($C$5),DAY($C$5))<$D15,1,0),0) -> 0 | K15: =IF(ISERR(FIND("praha",LOWER(F15))),0,1)*J15 -> 0
A16: 8. | B16: =IF('Seznam účastníků'!A26="","",'Seznam účastníků'!A26) | C16: =IF('Seznam účastníků'!B26="","",'Seznam účastníků'!B26) | D16: =IF('Seznam účastníků'!C26="","",'Seznam účastníků'!C26) | E16: =IF('Seznam účastníků'!D26="","",'Seznam účastníků'!D26) | F16: =IF('Seznam účastníků'!E26="","",'Seznam účastníků'!E26) | G16: =IF(ISNUMBER(D16),IF(DATE(YEAR($C$5)-26,MONTH($C$5),DAY($C$5))<$D16,1,0),0) -> 0 | H16: =IF(ISNUMBER(D16),IF(DATE(YEAR($C$5)-26,MONTH($C$5),DAY($C$5))>=$D16,1,0),0) -> 0 | I16: =IF(ISERR(FIND("praha",LOWER(F16))),0,1)*G16 -> 0 | J16: =IF(ISNUMBER(D16),IF(DATE(YEAR($C$5)-18,MONTH($C$5),DAY($C$5))<$D16,1,0),0) -> 0 | K16: =IF(ISERR(FIND("praha",LOWER(F16))),0,1)*J16 -> 0
A17: 9. | B17: =IF('Seznam účastníků'!A27="","",'Seznam účastníků'!A27) | C17: =IF('Seznam účastníků'!B27="","",'Seznam účastníků'!B27) | D17: =IF('Seznam účastníků'!C27="","",'Seznam účastníků'!C27) | E17: =IF('Seznam účastníků'!D27="","",'Seznam účastníků'!D27) | F17: =IF('Seznam účastníků'!E27="","",'Seznam účastníků'!E27) | G17: =IF(ISNUMBER(D17),IF(DATE(YEAR($C$5)-26,MONTH($C$5),DAY($C$5))<$D17,1,0),0) -> 0 | H17: =IF(ISNUMBER(D17),IF(DATE(YEAR($C$5)-26,MONTH($C$5),DAY($C$5))>=$D17,1,0),0) -> 0 | I17: =IF(ISERR(FIND("praha",LOWER(F17))),0,1)*G17 -> 0 | J17: =IF(ISNUMBER(D17),IF(DATE(YEAR($C$5)-18,MONTH($C$5),DAY($C$5))<$D17,1,0),0) -> 0 | K17: =IF(ISERR(FIND("praha",LOWER(F17))),0,1)*J17 -> 0
A18: 10. | B18: =IF('Seznam účastníků'!A28="","",'Seznam účastníků'!A28) | C18: =IF('Seznam účastníků'!B28="","",'Seznam účastníků'!B28) | D18: =IF('Seznam účastníků'!C28="","",'Seznam účastníků'!C28) | E18: =IF('Seznam účastníků'!D28="","",'Seznam účastníků'!D28) | F18: =IF('Seznam účastníků'!E28="","",'Seznam účastníků'!E28) | G18: =IF(ISNUMBER(D18),IF(DATE(YEAR($C$5)-26,MONTH($C$5),DAY($C$5))<$D18,1,0),0) -> 0 | H18: =IF(ISNUMBER(D18),IF(DATE(YEAR($C$5)-26,MONTH($C$5),DAY($C$5))>=$D18,1,0),0) -> 0 | I18: =IF(ISERR(FIND("praha",LOWER(F18))),0,1)*G18 -> 0 | J18: =IF(ISNUMBER(D18),IF(DATE(YEAR($C$5)-18,MONTH($C$5),DAY($C$5))<$D18,1,0),0) -> 0 | K18: =IF(ISERR(FIND("praha",LOWER(F18))),0,1)*J18 -> 0
A19: 11. | B19: =IF('Seznam účastníků'!A29="","",'Seznam účastníků'!A29) | C19: =IF('Seznam účastníků'!B29="","",'Seznam účastníků'!B29) | D19: =IF('Seznam účastníků'!C29="","",'Seznam účastníků'!C29) | E19: =IF('Seznam účastníků'!D29="","",'Seznam účastníků'!D29) | F19: =IF('Seznam účastníků'!E29="","",'Seznam účastníků'!E29) | G19: =IF(ISNUMBER(D19),IF(DATE(YEAR($C$5)-26,MONTH($C$5),DAY($C$5))<$D19,1,0),0) -> 0 | H19: =IF(ISNUMBER(D19),IF(DATE(YEAR($C$5)-26,MONTH($C$5),DAY($C$5))>=$D19,1,0),0) -> 0 | I19: =IF(ISERR(FIND("praha",LOWER(F19))),0,1)*G19 -> 0 | J19: =IF(ISNUMBER(D19),IF(DATE(YEAR($C$5)-18,MONTH($C$5),DAY($C$5))<$D19,1,0),0) -> 0 | K19: =IF(ISERR(FIND("praha",LOWER(F19))),0,1)*J19 -> 0
A20: 12. | B20: =IF('Seznam účastníků'!A30="","",'Seznam účastníků'!A30) | C20: =IF('Seznam účastníků'!B30="","",'Seznam účastníků'!B30) | D20: =IF('Seznam účastníků'!C30="","",'Seznam účastníků'!C30) | E20: =IF('Seznam účastníků'!D30="","",'Seznam účastníků'!D30) | F20: =IF('Seznam účastníků'!E30="","",'Seznam účastníků'!E30) | G20: =IF(ISNUMBER(D20),IF(DATE(YEAR($C$5)-26,MONTH($C$5),DAY($C$5))<$D20,1,0),0) -> 0 | H20: =IF(ISNUMBER(D20),IF(DATE(YEAR($C$5)-26,MONTH($C$5),DAY($C$5))>=$D20,1,0),0) -> 0 | I20: =IF(ISERR(FIND("praha",LOWER(F20))),0,1)*G20 -> 0 | J20: =IF(ISNUMBER(D20),IF(DATE(YEAR($C$5)-18,MONTH($C$5),DAY($C$5))<$D20,1,0),0) -> 0 | K20: =IF(ISERR(FIND("praha",LOWER(F20))),0,1)*J20 -> 0
... A43: 35. | B43: =IF('Seznam účastníků'!A53="","",'Seznam účastníků'!A53) | C43: =IF('Seznam účastníků'!B53="","",'Seznam účastníků'!B53) | D43: =IF('Seznam účastníků'!C53="","",'Seznam účastníků'!C53) | E43: =IF('Seznam účastníků'!D53="","",'Seznam účastníků'!D53) | F43: =IF('Seznam účastníků'!E53="","",'Seznam účastníků'!E53) | G43: =IF(ISNUMBER(D43),IF(DATE(YEAR($C$5)-26,MONTH($C$5),DAY($C$5))<$D43,1,0),0) -> 0 | H43: =IF(ISNUMBER(D43),IF(DATE(YEAR($C$5)-26,MONTH($C$5),DAY($C$5))>=$D43,1,0),0) -> 0 | I43: =IF(ISERR(FIND("praha",LOWER(F43))),0,1)*G43 -> 0 | J43: =IF(ISNUMBER(D43),IF(DATE(YEAR($C$5)-18,MONTH($C$5),DAY($C$5))<$D43,1,0),0) -> 0 | K43: =IF(ISERR(FIND("praha",LOWER(F43))),0,1)*J43 -> 0
K44: SUM:
A45: Účastníci do 26 let | D45: =IF(C2="","0",SUM(G9:G43)) -> 0 | E45: =IF(D45<8,"Tato Akce nevyhovuje z důvodu 'Menší počet účastníků než 8'","") -> Tato Akce nevyhovuje z důvodu 'Menší počet účastníků než 8' | G45: =SUM(G9:G43) -> 0 | H45: =SUM(H9:H43) -> 0 | I45: =SUM(I9:I43) -> 0 | J45: =SUM(J9:J43) -> 0 | K45: =SUM(K9:K43) -> 0
A46: Nad 26 let: ……………………………. | D46: =IF(C2="","0",SUM(H9:H43)) -> 0
A47: Celkem účastníků: …………………………. | D47: =IF(C2="","0",+D46+D45) -> 0
A48: Z toho účastníci z Prahy do 26 let: | D48: =IF(C2="","0",SUM(I9:I43)) -> 0
A50: =IF($C$9<>"","Datum: "&IF(ISNUMBER(VALUE(TEXT(TODAY(),"rrrr"))),TEXT(TODAY(),"dd.mm.rrrr"),TEXT(TODAY(),"dd.mm.yyyy")),"Datum: ........................................") -> Datum: ........................................ | D50: Vypracoval:....................................................................
E51: Podpis hospodáře a Razítko skupiny
F52: ="© 31/7/2008 Hop" -> © 31/7/2008 Hop

Sheet Seznam_do_70_účastníků
A1: Seznam účastníků akce
A2: Pořádající skupina:
A3: Adresa skupiny:
A4: Název akce:
A5: Datum akce:
A6: Místo konání akce:
A8: č. | B8: Jméno | C8: Příjmení | D8: Datum naroz. | E8: Ulice | F8: Město | H8: Do26 | I8: nad 26 | J8: praha do 26
A9: 1. | H9: =IF(DATE(YEAR($C$5)-26,MONTH($C$5),DAY($C$5))<$D9,1,0) -> 1 | I9: =IF(D9<>0,IF(DATE(YEAR($C$5)-26,MONTH($C$5),DAY($C$5))>=$D9,1,0),0) -> 0 | J9: =IF(ISERR(FIND("praha",LOWER(F9))),0,1)*H9 -> 0
A10: 2. | H10: =IF(DATE(YEAR($C$5)-26,MONTH($C$5),DAY($C$5))<$D10,1,0) -> 1 | I10: =IF(D10<>0,IF(DATE(YEAR($C$5)-26,MONTH($C$5),DAY($C$5))>=$D10,1,0),0) -> 0 | J10: =IF(ISERR(FIND("praha",LOWER(F10))),0,1)*H10 -> 0
A11: 3. | H11: =IF(DATE(YEAR($C$5)-26,MONTH($C$5),DAY($C$5))<$D11,1,0) -> 1 | I11: =IF(D11<>0,IF(DATE(YEAR($C$5)-26,MONTH($C$5),DAY($C$5))>=$D11,1,0),0) -> 0 | J11: =IF(ISERR(FIND("praha",LOWER(F11))),0,1)*H11 -> 0
A12: 4. | H12: =IF(DATE(YEAR($C$5)-26,MONTH($C$5),DAY($C$5))<$D12,1,0) -> 1 | I12: =IF(D12<>0,IF(DATE(YEAR($C$5)-26,MONTH($C$5),DAY($C$5))>=$D12,1,0),0) -> 0 | J12: =IF(ISERR(FIND("praha",LOWER(F12))),0,1)*H12 -> 0
A13: 5. | H13: =IF(DATE(YEAR($C$5)-26,MONTH($C$5),DAY($C$5))<$D13,1,0) -> 1 | I13: =IF(D13<>0,IF(DATE(YEAR($C$5)-26,MONTH($C$5),DAY($C$5))>=$D13,1,0),0) -> 0 | J13: =IF(ISERR(FIND("praha",LOWER(F13))),0,1)*H13 -> 0
A14: 6. | H14: =IF(DATE(YEAR($C$5)-26,MONTH($C$5),DAY($C$5))<$D14,1,0) -> 1 | I14: =IF(D14<>0,IF(DATE(YEAR($C$5)-26,MONTH($C$5),DAY($C$5))>=$D14,1,0),0) -> 0 | J14: =IF(ISERR(FIND("praha",LOWER(F14))),0,1)*H14 -> 0
A15: 7. | H15: =IF(DATE(YEAR($C$5)-26,MONTH($C$5),DAY($C$5))<$D15,1,0) -> 1 | I15: =IF(D15<>0,IF(DATE(YEAR($C$5)-26,MONTH($C$5),DAY($C$5))>=$D15,1,0),0) -> 0 | J15: =IF(ISERR(FIND("praha",LOWER(F15))),0,1)*H15 -> 0
A16: 8. | H16: =IF(DATE(YEAR($C$5)-26,MONTH($C$5),DAY($C$5))<$D16,1,0) -> 1 | I16: =IF(D16<>0,IF(DATE(YEAR($C$5)-26,MONTH($C$5),DAY($C$5))>=$D16,1,0),0) -> 0 | J16: =IF(ISERR(FIND("praha",LOWER(F16))),0,1)*H16 -> 0
A17: 9. | H17: =IF(DATE(YEAR($C$5)-26,MONTH($C$5),DAY($C$5))<$D17,1,0) -> 1 | I17: =IF(D17<>0,IF(DATE(YEAR($C$5)-26,MONTH($C$5),DAY($C$5))>=$D17,1,0),0) -> 0 | J17: =IF(ISERR(FIND("praha",LOWER(F17))),0,1)*H17 -> 0
A18: 10. | H18: =IF(DATE(YEAR($C$5)-26,MONTH($C$5),DAY($C$5))<$D18,1,0) -> 1 | I18: =IF(D18<>0,IF(DATE(YEAR($C$5)-26,MONTH($C$5),DAY($C$5))>=$D18,1,0),0) -> 0 | J18: =IF(ISERR(FIND("praha",LOWER(F18))),0,1)*H18 -> 0
A19: 11. | H19: =IF(DATE(YEAR($C$5)-26,MONTH($C$5),DAY($C$5))<$D19,1,0) -> 1 | I19: =IF(D19<>0,IF(DATE(YEAR($C$5)-26,MONTH($C$5),DAY($C$5))>=$D19,1,0),0) -> 0 | J19: =IF(ISERR(FIND("praha",LOWER(F19))),0,1)*H19 -> 0
A20: 12. | H20: =IF(DATE(YEAR($C$5)-26,MONTH($C$5),DAY($C$5))<$D20,1,0) -> 1 | I20: =IF(D20<>0,IF(DATE(YEAR($C$5)-26,MONTH($C$5),DAY($C$5))>=$D20,1,0),0) -> 0 | J20: =IF(ISERR(FIND("praha",LOWER(F20))),0,1)*H20 -> 0
... A78: 70. | H78: =IF(DATE(YEAR($C$5)-26,MONTH($C$5),DAY($C$5))<$D78,1,0) -> 1 | I78: =IF(D78<>0,IF(DATE(YEAR($C$5)-26,MONTH($C$5),DAY($C$5))>=$D78,1,0),0) -> 0 | J78: =IF(ISERR(FIND("praha",LOWER(F78))),0,1)*H78 -> 0
A80: Účastníci do 26 let | D80: =IF(C2="","0",SUM(H9:H78)) -> 0 | E80: =IF(D80<8,"Tato Akce nevyhovuje z důvodu 'Menší počet účastníků než 8'","")
A81: Nad 26 let: ……………………………. | D81: =IF(C2="","0",SUM(I9:I78)) -> 0
A82: Celkem účastníků: …………………………. | D82: =IF(C2="","0",+D81+D80) -> 0
A83: Z toho účastníci z Prahy do 26 let: | D83: =IF(C2="","0",SUM(J9:J78)) -> 0
A85: =IF($C$2<>"","Datum: "&TEXT(TODAY(),"dd.mm.rrrr"),"Datum: ........................................") -> Datum: ........................................ | D85: Vypracoval:....................................................................
E86: Podpis hospodáře a Razítko skupiny
F87: ="© 31/7/2008 Hop" -> © 31/7/2008 Hop

Sheet Rozpocet akce
A1: V y ú č t o v á n í
A2: ='Formulář AKCE'!B2 -> smlouvy č. DAG/61/03/001435/2009 o poskytnutí finančních prostředků Příloha k vyúčtování akcí a táborů
B7: Skupina - realizátor | D7: Termín akce | G7: Místo konání akce
B8: =IF(ISBLANK(Seznam_do_35_účastníků!C2),IF(ISBLANK(Seznam_do_70_účastníků!C2)," ",Seznam_do_70_účastníků!C2),Seznam_do_35_účastníků!C2) -> Šán | D8: =IF(AND(ISNUMBER('Seznam účastníků'!B5),ISNUMBER('Seznam účastníků'!B6)),IF(ISNUMBER(VALUE(TEXT(TODAY(),"rrrr"))),TEXT('Seznam účastníků'!B5,"dd.mm.rrrr")&" - "&TEXT('Seznam účastníků'!B6,"dd.mm.rrrr"),TEXT('Seznam účastníků'!B5,"dd.mm.yyyy")&" - "&TEXT('Seznam účastníků'!B6,"dd.mm.yyyy"))," ") | G8: =IF(ISBLANK(Seznam_do_35_účastníků!C6),IF(ISBLANK(Seznam_do_70_účastníků!C6)," ",Seznam_do_70_účastníků!C6),Seznam_do_35_účastníků!C6) -> 0
B10: Počet pražských úč. Do 18 let: | D10: =IF(Seznam_do_35_účastníků!K45+Seznam_do_70_účastníků!D83=0," ",MAX(Seznam_do_35_účastníků!K45,Seznam_do_70_účastníků!D83)) | G10: Počet účastníků od 18 do 26 let : | J10: =Seznam_do_35_účastníků!G45-Seznam_do_35_účastníků!J45 -> 0
G11: Počet účastníků celkem: | J11: =IF(Seznam_do_35_účastníků!D47+Seznam_do_70_účastníků!D82=0," ",MAX(Seznam_do_35_účastníků!D47,Seznam_do_70_účastníků!D82))
A13: ROZPIS NÁKLADŮ AKCE
B15: PŘÍJMY | G15: hotově | H15: na účet
B16: Platby od účastníků | G16: ='Přehled o vybraných poplatcích'!E49 -> 0
B17: Dotace MŠMT | G17: 0 | H17: 1000
B18: Ostatní příjmy - od skupiny | G18: 62
B19: Celkové příjmy | G19: =SUM(G16:G18) -> 62 | H19: =SUM(H17:I18) -> 1000 | J19: =G19+H19 -> 1062
B21: VÝDAJE: | G21: hotově | H21: z účtu
B22: Nájem/ubytování | G22: 1000
B23: Doprava | G23: 100
B24: Stravování | G24: 1840
B25: Materiál | G25: 202
B26: Ostatní
B27: Celkové výdaje: | G27: =SUM(G22:G26) -> 3142 | H27: =SUM(I22:I26) -> 0 | J27: =G27+H27 -> 3142
B32: Za správnost odpovídá: | E32: ............................... | G32: Podpis: | H32: ..............................
B35: Příloha: | C35: 1. seznam účastníků
C36: 2. prvotní doklady
I41: ="V1©16/9/2009 Hop" -> V1©16/9/2009 Hop

Sheet pokyny
A1: Pokyny pro vyúčtování akcí 1/00 - 5/01
B29: Formulář v y ú č t o v á n í p r o j e k t u obsahuje jen souhrnné položky z jednotlivých
B30: formulářů v y ú č t o v á n í a k c e. Jako příloha vyúčtování programu je
B31: z h o d n o c e n í c e l é h o p r o j e k t u.
B32: Pozn: Pokud je akce jen jedna, lze ji vyúčtovat pouze na form. Vyúčtování projektu
B35: Poslední termín odevzdání správného (bez chyb) vyúčtování je 6/6/2000, další nebudou přijata.
B36: Vyúčtování lze posílat na Adresu skupiny Šán, event.osobně po předchozí telef.dohodě.
B37: Radek Hop Svoboda, tlf.zam. 02/71 72 21 21, mob. 0604 79 19 12
K39: 2/5/2000 Hop
B43: 36861

Sheet Rozpocet tábora
A1: Rozpočet dětského tábora
A2: Místo: | B2: =IF(ISBLANK(Seznam_do_35_účastníků!C6)," ",Seznam_do_35_účastníků!C6) -> 0
A3: Pořadatel: | B3: =IF(ISBLANK(Seznam_do_35_účastníků!C2)," ",Seznam_do_35_účastníků!C2) -> Šán
A4: Termín: | B4: =IF(AND(ISNUMBER('Seznam účastníků'!B5),ISNUMBER('Seznam účastníků'!B6)),IF(ISNUMBER(VALUE(TEXT(TODAY(),"rrrr"))),TEXT('Seznam účastníků'!B5,"dd.mm.rrrr")&" - "&TEXT('Seznam účastníků'!B6,"dd.mm.rrrr"),TEXT('Seznam účastníků'!B5,"dd.mm.yyyy")&" - "&TEXT('Seznam účastníků'!B6,"dd.mm.yyyy"))," ")
B5: Skutečnost | E5: Poznámky
A6: Příjmy: | B6: Hotovost | C6: Převodem | D6: Celkem
A7: Platby účastníků | B7: ='Přehled o vybraných poplatcích'!E49 -> 0 | C7: 0 | D7: =B7+C7 -> 0
A8: Dotace MHMP | B8: 0 | C8: 0 | D8: =B8+C8 -> 0
A9: Dotace MŠMT | B9: 0 | C9: 1000 | D9: =B9+C9 -> 1000
A10: Ostatní příjmy | B10: 0 | C10: 0 | D10: =B10+C10 -> 0
A11: Celkem | B11: =SUM(B7:B10) -> 0 | C11: =SUM(C7:C10) -> 1000 | D11: =B11+C11 -> 1000
A13: Výdaje: | B13: Hotovost | C13: Převodem | D13: Celkem
A14: Ubytování,nájem | B14: 1000 | C14: 0 | D14: =B14+C14 -> 1000
A15: Stravování | B15: 1840 | C15: 0 | D15: =B15+C15 -> 1840
A16: Doprava | B16: 100 | C16: 0 | D16: =B16+C16 -> 100
A17: Materiál | B17: 202 | C17: 0 | D17: =B17+C17 -> 202
A18: Ostatní | B18: 0 | C18: 0 | D18: =B18+C18 -> 0
A19: Odměny táb.prac. | B19: 0 | C19: 0 | D19: =B19+C19 -> 0 | E19: Zůstatek:
A20: Celkem | B20: =SUM(B14:B19) -> 3142 | C20: =SUM(C14:C19) -> 0 | D20: =B20+C20 -> 3142 | E20: =D11-D20 -> -2142
A22: Údaje o táboře / akci:
A23: Délka akce | B23: ='Seznam účastníků'!$B$6-'Seznam účastníků'!$B$5+1 -> 1
A24: Účastníci tábora/akce
A25: Členové sk. | B25: 14
A26: Cizí účastníci | B26: 1
A27: Vých. pracovníci | B27: 0
A28: Ostatní pracovníci | B28: 0
A29: Celkem účastníků | B29: =SUM(B25:B28) -> 15
A31: Cena pro členy | B31: 160
A32: Cena pro ostatní | B32: 200
A34: Údaje o skutečnosti zpracovány dne:
A35: Skutečnost vypracoval:
A36: Schválil: | E36: ="V1©16/9/2009 Hop" -> V1©16/9/2009 Hop

Sheet Seznam účastníků
A1: Kondor - Skupina ŠÁN - Podolské nábřeží 5, Praha 4 - Podolí, 147 00
A2: Neočekávaný dýchánek
A4: Místo:
A5: Začátek:
A6: Konec:
A7: Vede:
A9: 1/ do 15let: | B9: =SUMPRODUCT((C19:C100>DATE(YEAR(B5)-15,MONTH(B5),DAY(B5)))*ISNUMBER(C19:C100)) -> 0
A10: 2/ od 15 do 18let: | B10: =SUMPRODUCT((C19:C100<=DATE(YEAR(B5)-15,MONTH(B5),DAY(B5)))*ISNUMBER(C19:C100)*(C19:C100>DATE(YEAR(B5)-18,MONTH(B5),DAY(B5)))) -> 0
A11: 3/ od 18 do 26let: | B11: =SUMPRODUCT((C19:C100<=DATE(YEAR(B5)-18,MONTH(B5),DAY(B5)))*ISNUMBER(C19:C100)*(C19:C100>DATE(YEAR(B5)-26,MONTH(B5),DAY(B5)))) -> 0
A12: 4/ nad 26let: | B12: =SUMPRODUCT((C19:C100<=DATE(YEAR(B5)-26,MONTH(B5),DAY(B5)))*ISNUMBER(C19:C100)) -> 0
A13: Celkem: | B13: =SUM(B9:B12) -> 0
A14: Celkem člověkodnů: | B14: ='Přehled o vybraných poplatcích'!D49 -> 0
A16: Seznam účastníků:
A18: Jméno | B18: Příjmení | C18: Dat. Nar. | D18: Ulice | E18: Město | F18: PSČ | G18: Fce

Sheet Přehled o vybraných poplatcích
A1: ='Seznam účastníků'!A1 -> Kondor - Skupina ŠÁN - Podolské nábřeží 5, Praha 4 - Podolí, 147 00
A2: ='Seznam účastníků'!A2 -> Neočekávaný dýchánek
A4: Místo: | B4: ='Seznam účastníků'!B4 -> 0
A5: Začátek: | B5: ='Seznam účastníků'!B5 -> 0
A6: Konec: | B6: ='Seznam účastníků'!B6 -> 0
A7: Vede: | B7: ='Seznam účastníků'!B7 -> 0
A9: Přehled o vybraných účastnických poplatcích:
B11: Jméno | C11: Příjmení | D11: Dni | E11: Poplatek | G11: Poplatek na den
B12: =IF(NOT(ISBLANK('Seznam účastníků'!A19)),'Seznam účastníků'!A19,"") | C12: =IF(NOT(ISBLANK('Seznam účastníků'!B19)),'Seznam účastníků'!B19,"") | D12: =IF(NOT(ISBLANK('Seznam účastníků'!B19)),$B$6-$B$5+1,"") | E12: =IF(NOT(ISBLANK('Seznam účastníků'!B19)),IF(ISNUMBER(G12),D12*G12,G12),"") | G12: =IF(LOWER('Seznam účastníků'!G19)="d",MIN('Soupis výdajů'!$D$47,MAX('Soupis výdajů'!$D$47-30,40)),IF(LOWER('Seznam účastníků'!G19)="i",MIN('Soupis výdajů'!$D$47,MAX('Soupis výdajů'!$D$47-40,30)),IF(LOWER('Seznam účastníků'!G19)="v",MIN('Soupis výdajů'!$D$47,MAX('Soupis výdajů'!$D$47-50,20)),IF(LOWER('Seznam účastníků'!G19)="h",0,IF(LOWER('Seznam účastníků'!G19)="n",'Soupis výdajů'!$D$47,IF(ISBLANK('Seznam účastníků'!G19),"","? dítě, instruktor, vedoucí, hlavní, nečlen ?"))))))
B13: =IF(NOT(ISBLANK('Seznam účastníků'!A20)),'Seznam účastníků'!A20,"") | C13: =IF(NOT(ISBLANK('Seznam účastníků'!B20)),'Seznam účastníků'!B20,"") | D13: =IF(NOT(ISBLANK('Seznam účastníků'!B20)),$B$6-$B$5+1,"") | E13: =IF(NOT(ISBLANK('Seznam účastníků'!B20)),IF(ISNUMBER(G13),D13*G13,G13),"") | G13: =IF(LOWER('Seznam účastníků'!G20)="d",MIN('Soupis výdajů'!$D$47,MAX('Soupis výdajů'!$D$47-30,40)),IF(LOWER('Seznam účastníků'!G20)="i",MIN('Soupis výdajů'!$D$47,MAX('Soupis výdajů'!$D$47-40,30)),IF(LOWER('Seznam účastníků'!G20)="v",MIN('Soupis výdajů'!$D$47,MAX('Soupis výdajů'!$D$47-50,20)),IF(LOWER('Seznam účastníků'!G20)="h",0,IF(LOWER('Seznam účastníků'!G20)="n",'Soupis výdajů'!$D$47,IF(ISBLANK('Seznam účastníků'!G20),"","? dítě, instruktor, vedoucí, hlavní, nečlen ?"))))))
B14: =IF(NOT(ISBLANK('Seznam účastníků'!A21)),'Seznam účastníků'!A21,"") | C14: =IF(NOT(ISBLANK('Seznam účastníků'!B21)),'Seznam účastníků'!B21,"") | D14: =IF(NOT(ISBLANK('Seznam účastníků'!B21)),$B$6-$B$5+1,"") | E14: =IF(NOT(ISBLANK('Seznam účastníků'!B21)),IF(ISNUMBER(G14),D14*G14,G14),"") | G14: =IF(LOWER('Seznam účastníků'!G21)="d",MIN('Soupis výdajů'!$D$47,MAX('Soupis výdajů'!$D$47-30,40)),IF(LOWER('Seznam účastníků'!G21)="i",MIN('Soupis výdajů'!$D$47,MAX('Soupis výdajů'!$D$47-40,30)),IF(LOWER('Seznam účastníků'!G21)="v",MIN('Soupis výdajů'!$D$47,MAX('Soupis výdajů'!$D$47-50,20)),IF(LOWER('Seznam účastníků'!G21)="h",0,IF(LOWER('Seznam účastníků'!G21)="n",'Soupis výdajů'!$D$47,IF(ISBLANK('Seznam účastníků'!G21),"","? dítě, instruktor, vedoucí, hlavní, nečlen ?"))))))
B15: =IF(NOT(ISBLANK('Seznam účastníků'!A22)),'Seznam účastníků'!A22,"") | C15: =IF(NOT(ISBLANK('Seznam účastníků'!B22)),'Seznam účastníků'!B22,"") | D15: =IF(NOT(ISBLANK('Seznam účastníků'!B22)),$B$6-$B$5+1,"") | E15: =IF(NOT(ISBLANK('Seznam účastníků'!B22)),IF(ISNUMBER(G15),D15*G15,G15),"") | G15: =IF(LOWER('Seznam účastníků'!G22)="d",MIN('Soupis výdajů'!$D$47,MAX('Soupis výdajů'!$D$47-30,40)),IF(LOWER('Seznam účastníků'!G22)="i",MIN('Soupis výdajů'!$D$47,MAX('Soupis výdajů'!$D$47-40,30)),IF(LOWER('Seznam účastníků'!G22)="v",MIN('Soupis výdajů'!$D$47,MAX('Soupis výdajů'!$D$47-50,20)),IF(LOWER('Seznam účastníků'!G22)="h",0,IF(LOWER('Seznam účastníků'!G22)="n",'Soupis výdajů'!$D$47,IF(ISBLANK('Seznam účastníků'!G22),"","? dítě, instruktor, vedoucí, hlavní, nečlen ?"))))))
B16: =IF(NOT(ISBLANK('Seznam účastníků'!A23)),'Seznam účastníků'!A23,"") | C16: =IF(NOT(ISBLANK('Seznam účastníků'!B23)),'Seznam účastníků'!B23,"") | D16: =IF(NOT(ISBLANK('Seznam účastníků'!B23)),$B$6-$B$5+1,"") | E16: =IF(NOT(ISBLANK('Seznam účastníků'!B23)),IF(ISNUMBER(G16),D16*G16,G16),"") | G16: =IF(LOWER('Seznam účastníků'!G23)="d",MIN('Soupis výdajů'!$D$47,MAX('Soupis výdajů'!$D$47-30,40)),IF(LOWER('Seznam účastníků'!G23)="i",MIN('Soupis výdajů'!$D$47,MAX('Soupis výdajů'!$D$47-40,30)),IF(LOWER('Seznam účastníků'!G23)="v",MIN('Soupis výdajů'!$D$47,MAX('Soupis výdajů'!$D$47-50,20)),IF(LOWER('Seznam účastníků'!G23)="h",0,IF(LOWER('Seznam účastníků'!G23)="n",'Soupis výdajů'!$D$47,IF(ISBLANK('Seznam účastníků'!G23),"","? dítě, instruktor, vedoucí, hlavní, nečlen ?"))))))
B17: =IF(NOT(ISBLANK('Seznam účastníků'!A24)),'Seznam účastníků'!A24,"") | C17: =IF(NOT(ISBLANK('Seznam účastníků'!B24)),'Seznam účastníků'!B24,"") | D17: =IF(NOT(ISBLANK('Seznam účastníků'!B24)),$B$6-$B$5+1,"") | E17: =IF(NOT(ISBLANK('Seznam účastníků'!B24)),IF(ISNUMBER(G17),D17*G17,G17),"") | G17: =IF(LOWER('Seznam účastníků'!G24)="d",MIN('Soupis výdajů'!$D$47,MAX('Soupis výdajů'!$D$47-30,40)),IF(LOWER('Seznam účastníků'!G24)="i",MIN('Soupis výdajů'!$D$47,MAX('Soupis výdajů'!$D$47-40,30)),IF(LOWER('Seznam účastníků'!G24)="v",MIN('Soupis výdajů'!$D$47,MAX('Soupis výdajů'!$D$47-50,20)),IF(LOWER('Seznam účastníků'!G24)="h",0,IF(LOWER('Seznam účastníků'!G24)="n",'Soupis výdajů'!$D$47,IF(ISBLANK('Seznam účastníků'!G24),"","? dítě, instruktor, vedoucí, hlavní, nečlen ?"))))))
B18: =IF(NOT(ISBLANK('Seznam účastníků'!A25)),'Seznam účastníků'!A25,"") | C18: =IF(NOT(ISBLANK('Seznam účastníků'!B25)),'Seznam účastníků'!B25,"") | D18: =IF(NOT(ISBLANK('Seznam účastníků'!B25)),$B$6-$B$5+1,"") | E18: =IF(NOT(ISBLANK('Seznam účastníků'!B25)),IF(ISNUMBER(G18),D18*G18,G18),"") | G18: =IF(LOWER('Seznam účastníků'!G25)="d",MIN('Soupis výdajů'!$D$47,MAX('Soupis výdajů'!$D$47-30,40)),IF(LOWER('Seznam účastníků'!G25)="i",MIN('Soupis výdajů'!$D$47,MAX('Soupis výdajů'!$D$47-40,30)),IF(LOWER('Seznam účastníků'!G25)="v",MIN('Soupis výdajů'!$D$47,MAX('Soupis výdajů'!$D$47-50,20)),IF(LOWER('Seznam účastníků'!G25)="h",0,IF(LOWER('Seznam účastníků'!G25)="n",'Soupis výdajů'!$D$47,IF(ISBLANK('Seznam účastníků'!G25),"","? dítě, instruktor, vedoucí, hlavní, nečlen ?"))))))
B19: =IF(NOT(ISBLANK('Seznam účastníků'!A26)),'Seznam účastníků'!A26,"") | C19: =IF(NOT(ISBLANK('Seznam účastníků'!B26)),'Seznam účastníků'!B26,"") | D19: =IF(NOT(ISBLANK('Seznam účastníků'!B26)),$B$6-$B$5+1,"") | E19: =IF(NOT(ISBLANK('Seznam účastníků'!B26)),IF(ISNUMBER(G19),D19*G19,G19),"") | G19: =IF(LOWER('Seznam účastníků'!G26)="d",MIN('Soupis výdajů'!$D$47,MAX('Soupis výdajů'!$D$47-30,40)),IF(LOWER('Seznam účastníků'!G26)="i",MIN('Soupis výdajů'!$D$47,MAX('Soupis výdajů'!$D$47-40,30)),IF(LOWER('Seznam účastníků'!G26)="v",MIN('Soupis výdajů'!$D$47,MAX('Soupis výdajů'!$D$47-50,20)),IF(LOWER('Seznam účastníků'!G26)="h",0,IF(LOWER('Seznam účastníků'!G26)="n",'Soupis výdajů'!$D$47,IF(ISBLANK('Seznam účastníků'!G26),"","? dítě, instruktor, vedoucí, hlavní, nečlen ?"))))))
B20: =IF(NOT(ISBLANK('Seznam účastníků'!A27)),'Seznam účastníků'!A27,"") | C20: =IF(NOT(ISBLANK('Seznam účastníků'!B27)),'Seznam účastníků'!B27,"") | D20: =IF(NOT(ISBLANK('Seznam účastníků'!B27)),$B$6-$B$5+1,"") | E20: =IF(NOT(ISBLANK('Seznam účastníků'!B27)),IF(ISNUMBER(G20),D20*G20,G20),"") | G20: =IF(LOWER('Seznam účastníků'!G27)="d",MIN('Soupis výdajů'!$D$47,MAX('Soupis výdajů'!$D$47-30,40)),IF(LOWER('Seznam účastníků'!G27)="i",MIN('Soupis výdajů'!$D$47,MAX('Soupis výdajů'!$D$47-40,30)),IF(LOWER('Seznam účastníků'!G27)="v",MIN('Soupis výdajů'!$D$47,MAX('Soupis výdajů'!$D$47-50,20)),IF(LOWER('Seznam účastníků'!G27)="h",0,IF(LOWER('Seznam účastníků'!G27)="n",'Soupis výdajů'!$D$47,IF(ISBLANK('Seznam účastníků'!G27),"","? dítě, instruktor, vedoucí, hlavní, nečlen ?"))))))
B21: =IF(NOT(ISBLANK('Seznam účastníků'!A28)),'Seznam účastníků'!A28,"") | C21: =IF(NOT(ISBLANK('Seznam účastníků'!B28)),'Seznam účastníků'!B28,"") | D21: =IF(NOT(ISBLANK('Seznam účastníků'!B28)),$B$6-$B$5+1,"") | E21: =IF(NOT(ISBLANK('Seznam účastníků'!B28)),IF(ISNUMBER(G21),D21*G21,G21),"") | G21: =IF(LOWER('Seznam účastníků'!G28)="d",MIN('Soupis výdajů'!$D$47,MAX('Soupis výdajů'!$D$47-30,40)),IF(LOWER('Seznam účastníků'!G28)="i",MIN('Soupis výdajů'!$D$47,MAX('Soupis výdajů'!$D$47-40,30)),IF(LOWER('Seznam účastníků'!G28)="v",MIN('Soupis výdajů'!$D$47,MAX('Soupis výdajů'!$D$47-50,20)),IF(LOWER('Seznam účastníků'!G28)="h",0,IF(LOWER('Seznam účastníků'!G28)="n",'Soupis výdajů'!$D$47,IF(ISBLANK('Seznam účastníků'!G28),"","? dítě, instruktor, vedoucí, hlavní, nečlen ?"))))))
B22: =IF(NOT(ISBLANK('Seznam účastníků'!A29)),'Seznam účastníků'!A29,"") | C22: =IF(NOT(ISBLANK('Seznam účastníků'!B29)),'Seznam účastníků'!B29,"") | D22: =IF(NOT(ISBLANK('Seznam účastníků'!B29)),$B$6-$B$5+1,"") | E22: =IF(NOT(ISBLANK('Seznam účastníků'!B29)),IF(ISNUMBER(G22),D22*G22,G22),"") | G22: =IF(LOWER('Seznam účastníků'!G29)="d",MIN('Soupis výdajů'!$D$47,MAX('Soupis výdajů'!$D$47-30,40)),IF(LOWER('Seznam účastníků'!G29)="i",MIN('Soupis výdajů'!$D$47,MAX('Soupis výdajů'!$D$47-40,30)),IF(LOWER('Seznam účastníků'!G29)="v",MIN('Soupis výdajů'!$D$47,MAX('Soupis výdajů'!$D$47-50,20)),IF(LOWER('Seznam účastníků'!G29)="h",0,IF(LOWER('Seznam účastníků'!G29)="n",'Soupis výdajů'!$D$47,IF(ISBLANK('Seznam účastníků'!G29),"","? dítě, instruktor, vedoucí, hlavní, nečlen ?"))))))
B23: =IF(NOT(ISBLANK('Seznam účastníků'!A30)),'Seznam účastníků'!A30,"") | C23: =IF(NOT(ISBLANK('Seznam účastníků'!B30)),'Seznam účastníků'!B30,"") | D23: =IF(NOT(ISBLANK('Seznam účastníků'!B30)),$B$6-$B$5+1,"") | E23: =IF(NOT(ISBLANK('Seznam účastníků'!B30)),IF(ISNUMBER(G23),D23*G23,G23),"") | G23: =IF(LOWER('Seznam účastníků'!G30)="d",MIN('Soupis výdajů'!$D$47,MAX('Soupis výdajů'!$D$47-30,40)),IF(LOWER('Seznam účastníků'!G30)="i",MIN('Soupis výdajů'!$D$47,MAX('Soupis výdajů'!$D$47-40,30)),IF(LOWER('Seznam účastníků'!G30)="v",MIN('Soupis výdajů'!$D$47,MAX('Soupis výdajů'!$D$47-50,20)),IF(LOWER('Seznam účastníků'!G30)="h",0,IF(LOWER('Seznam účastníků'!G30)="n",'Soupis výdajů'!$D$47,IF(ISBLANK('Seznam účastníků'!G30),"","? dítě, instruktor, vedoucí, hlavní, nečlen ?"))))))
... B47: =IF(NOT(ISBLANK('Seznam účastníků'!A54)),'Seznam účastníků'!A54,"") | C47: =IF(NOT(ISBLANK('Seznam účastníků'!B54)),'Seznam účastníků'!B54,"") | D47: =IF(NOT(ISBLANK('Seznam účastníků'!B54)),$B$6-$B$5+1,"") | E47: =IF(NOT(ISBLANK('Seznam účastníků'!B54)),IF(ISNUMBER(G47),D47*G47,G47),"") | G47: =IF(LOWER('Seznam účastníků'!G54)="d",MIN('Soupis výdajů'!$D$47,MAX('Soupis výdajů'!$D$47-30,40)),IF(LOWER('Seznam účastníků'!G54)="i",MIN('Soupis výdajů'!$D$47,MAX('Soupis výdajů'!$D$47-40,30)),IF(LOWER('Seznam účastníků'!G54)="v",MIN('Soupis výdajů'!$D$47,MAX('Soupis výdajů'!$D$47-50,20)),IF(LOWER('Seznam účastníků'!G54)="h",0,IF(LOWER('Seznam účastníků'!G54)="n",'Soupis výdajů'!$D$47,IF(ISBLANK('Seznam účastníků'!G54),"","? dítě, instruktor, vedoucí, hlavní, nečlen ?"))))))
B49: Celkem | D49: =SUM(D12:D47) -> 0 | E49: =SUM(E12:E47) -> 0

Sheet Soupis výdajů
A1: ='Seznam účastníků'!A1 -> Kondor - Skupina ŠÁN - Podolské nábřeží 5, Praha 4 - Podolí, 147 00
A2: ='Seznam účastníků'!A2 -> Neočekávaný dýchánek
A4: Místo: | B4: ='Seznam účastníků'!B4 -> 0
A5: Začátek: | B5: ='Seznam účastníků'!B5 -> 0
A6: Konec: | B6: ='Seznam účastníků'!B6 -> 0
A7: Vede: | B7: ='Seznam účastníků'!B7 -> 0
A9: Soupis výdajů:
A11: Doklady: | H11: Kategorie:
H12: Cestovní náhrady
H13: Doprava
H14: Materiál
H15: Ostatní služby
H16: PHM auto
H17: Potraviny
H18: Stravování
H19: Ubytování
H20: Vstupné
D44: =SUM(D11:D42) -> 0
B46: Jeden člověkoden | D46: ='Soupis výdajů'!D44/'Přehled o vybraných poplatcích'!D49 -> #DIV/0!
B47: Jeden člověkoden zaokr. | D47: =ROUND(D46/5,0)*5 -> #DIV/0!
C50: Poplatky celkem: | D50: ='Přehled o vybraných poplatcích'!E49 -> 0
C51: Dotace celkem: | D51: =D44-D50 -> 0
C53: Poplatky+dotace: | D53: =SUM(D50:D51) -> 0
C54: Náklady: | D54: =D44 -> 0

Sheet Report z akce
A1: ='Seznam účastníků'!A1 -> Kondor - Skupina ŠÁN - Podolské nábřeží 5, Praha 4 - Podolí, 147 00
A2: ='Seznam účastníků'!A2 -> Neočekávaný dýchánek
A4: Místo: | B4: ='Seznam účastníků'!B4 -> 0
A5: Začátek: | B5: ='Seznam účastníků'!B5 -> 0
A6: Konec: | B6: ='Seznam účastníků'!B6 -> 0
A7: Vede: | B7: ='Seznam účastníků'!B7 -> 0
A9: Stručný průběh akce:
A19: - zdravotní komplikace některého z účastníků:
A20: žádné
A22: - nevhodné chování účastníků (jak dětí tak dospělých):
A23: žádné
A25: - stížnosti rodičů či dětí, jiné komplikace při průběhu akce:
A26: žádné
A28: - pochvalu pro jakéhokoliv účastníka akce (se zdůvodněním):
A29: žádná

Sheet Zhodnocení
A1: V y ú č t o v á n í
A2: ='Formulář AKCE'!B2 -> smlouvy č. DAG/61/03/001435/2009 o poskytnutí finančních prostředků Příloha k vyúčtování akcí a táborů
G3: =IF(ISNUMBER('Formulář AKCE'!G3),'Formulář AKCE'!G3," ")
E9: =IF(ISBLANK(Seznam_do_35_účastníků!C2),IF(ISBLANK(Seznam_do_70_účastníků!C2)," ",Seznam_do_70_účastníků!C2),Seznam_do_35_účastníků!C2) -> Šán
A11: 3 | B11: Text Zhodnocení
B41: =IF(LEN($E$9)>1,"Datum: "&IF(ISNUMBER(VALUE(TEXT(TODAY(),"rrrr"))),TEXT(TODAY(),"dd.mm.rrrr"),TEXT(TODAY(),"dd.mm.yyyy")),"Datum: ........................................") -> Datum: 01.09.2026 | F41: .........................................................
F42: Podpis hospodáře skupiny a razítko
G43: ="V1©16/9/2009 Hop" -> V1©16/9/2009 Hop

Sheet Vrátit
A1: ='Seznam účastníků'!A1 -> Kondor - Skupina ŠÁN - Podolské nábřeží 5, Praha 4 - Podolí, 147 00
A2: ='Seznam účastníků'!A2 -> Neočekávaný dýchánek
A4: Místo: | B4: ='Seznam účastníků'!B4 -> 0
A5: Začátek: | B5: ='Seznam účastníků'!B5 -> 0
A6: Konec: | B6: ='Seznam účastníků'!B6 -> 0
A7: Vede: | B7: ='Seznam účastníků'!B7 -> 0
A9: Vrátit: | B9: Jméno | C9: Příjmení | D9: Dal | E9: Cena | F9: Vrátit | G9: Převzal
B10: ='Přehled o vybraných poplatcích'!B12 | C10: ='Přehled o vybraných poplatcích'!C12 | E10: ='Přehled o vybraných poplatcích'!E12 | F10: =IF(NOT(ISBLANK('Seznam účastníků'!B19)),D10-E10,"")
B11: ='Přehled o vybraných poplatcích'!B13 | C11: ='Přehled o vybraných poplatcích'!C13 | E11: ='Přehled o vybraných poplatcích'!E13 | F11: =IF(NOT(ISBLANK('Seznam účastníků'!B20)),D11-E11,"")
B12: ='Přehled o vybraných poplatcích'!B14 | C12: ='Přehled o vybraných poplatcích'!C14 | E12: ='Přehled o vybraných poplatcích'!E14 | F12: =IF(NOT(ISBLANK('Seznam účastníků'!B21)),D12-E12,"")
B13: ='Přehled o vybraných poplatcích'!B15 | C13: ='Přehled o vybraných poplatcích'!C15 | E13: ='Přehled o vybraných poplatcích'!E15 | F13: =IF(NOT(ISBLANK('Seznam účastníků'!B22)),D13-E13,"")
B14: ='Přehled o vybraných poplatcích'!B16 | C14: ='Přehled o vybraných poplatcích'!C16 | E14: ='Přehled o vybraných poplatcích'!E16 | F14: =IF(NOT(ISBLANK('Seznam účastníků'!B23)),D14-E14,"")
B15: ='Přehled o vybraných poplatcích'!B17 | C15: ='Přehled o vybraných poplatcích'!C17 | E15: ='Přehled o vybraných poplatcích'!E17 | F15: =IF(NOT(ISBLANK('Seznam účastníků'!B24)),D15-E15,"")
B16: ='Přehled o vybraných poplatcích'!B18 | C16: ='Přehled o vybraných poplatcích'!C18 | E16: ='Přehled o vybraných poplatcích'!E18 | F16: =IF(NOT(ISBLANK('Seznam účastníků'!B25)),D16-E16,"")
B17: ='Přehled o vybraných poplatcích'!B19 | C17: ='Přehled o vybraných poplatcích'!C19 | E17: ='Přehled o vybraných poplatcích'!E19 | F17: =IF(NOT(ISBLANK('Seznam účastníků'!B26)),D17-E17,"")
B18: ='Přehled o vybraných poplatcích'!B20 | C18: ='Přehled o vybraných poplatcích'!C20 | E18: ='Přehled o vybraných poplatcích'!E20 | F18: =IF(NOT(ISBLANK('Seznam účastníků'!B27)),D18-E18,"")
B19: ='Přehled o vybraných poplatcích'!B21 | C19: ='Přehled o vybraných poplatcích'!C21 | E19: ='Přehled o vybraných poplatcích'!E21 | F19: =IF(NOT(ISBLANK('Seznam účastníků'!B28)),D19-E19,"")
B20: ='Přehled o vybraných poplatcích'!B22 | C20: ='Přehled o vybraných poplatcích'!C22 | E20: ='Přehled o vybraných poplatcích'!E22 | F20: =IF(NOT(ISBLANK('Seznam účastníků'!B29)),D20-E20,"")
B21: ='Přehled o vybraných poplatcích'!B23 | C21: ='Přehled o vybraných poplatcích'!C23 | E21: ='Přehled o vybraných poplatcích'!E23 | F21: =IF(NOT(ISBLANK('Seznam účastníků'!B30)),D21-E21,"")
... B43: ='Přehled o vybraných poplatcích'!B45 | C43: ='Přehled o vybraných poplatcích'!C45 | E43: ='Přehled o vybraných poplatcích'!E45 | F43: =IF(NOT(ISBLANK('Seznam účastníků'!B52)),D43-E43,"")
C45: Vybráno: | D45: =SUM(D10:D43) -> 0 | F45: =SUM(F10:F43) -> 0
C46: Zůstatek teoreticky: | D46: =D45-'Soupis výdajů'!D44 -> 0
C47: Zůstatek v peněžence:
D48: =IF(ISNUMBER(D47),IF(D46=D47,"SEDI","NESOUHLASI"),"")
